{
  "n_prompts": 50,
  "max_new_tokens": 100,
  "batch_size": 8,
  "results": {
    "serial": {
      "time": 101.4125669002533,
      "gen_tokens": 3641,
      "qps": 0.4930355431115226,
      "tps": 35.90284824938107
    },
    "batch": {
      "time": 74.69570469856262,
      "gen_tokens": 5128,
      "qps": 0.6693825327945819,
      "tps": 68.65187256341233
    },
    "vllm": {
      "time": 18.37137198448181,
      "gen_tokens": 2457,
      "qps": 2.721625801395492,
      "tps": 133.74069188057447
    }
  }
}